{"best_val_loss": 0.946493802911164, "_wandb": {"runtime": 244}, "epoch": 1, "lr": 8.909612598231857e-05, "train/total": 1.1312115997696714, "train/rec": 0.44866017095609145, "train/dir": 0.7858125949772922, "train/kld": 4.097732932545922, "val/total": 0.946493802911164, "val/rec": 0.29933449673598217, "val/dir": 0.7443627549088709, "val/kld": 4.125024635497838, "_timestamp": 1766185879.544142, "_runtime": 238.61906790733337, "_step": 1}